{"cameraMode":{"drawMode":0,"name":"Shaded","section":"Shading Mode"},"sceneLighting":false,"audioPlay":false,"sceneViewState":{"m_AlwaysRefresh":true,"showFog":true,"showSkybox":false,"showFlares":true,"showImageEffects":true,"showParticleSystems":true,"showVisualEffectGraphs":true,"m_FxEnabled":true},"in2DMode":false,"pivot":{"x":0.47997310757637026,"y":0.19504095613956452,"z":-0.7668130397796631},"rotation":{"x":-0.11233939975500107,"y":0.6537506580352783,"z":-0.09901350736618042,"w":-0.7417660355567932},"size":0.5977157354354858,"orthographic":false}