{"cameraMode":{"drawMode":0,"name":"Shaded","section":"Shading Mode"},"sceneLighting":false,"audioPlay":false,"sceneViewState":{"m_AlwaysRefresh":false,"showFog":true,"showSkybox":false,"showFlares":true,"showImageEffects":true,"showParticleSystems":true,"showVisualEffectGraphs":true,"m_FxEnabled":true},"in2DMode":false,"pivot":{"x":-0.38871854543685915,"y":0.005555036943405867,"z":-0.7162624001502991},"rotation":{"x":-0.3542373478412628,"y":0.6383167505264282,"z":-0.5447337627410889,"w":-0.4163775146007538},"size":0.14191418886184693,"orthographic":false}