{"cameraMode":{"drawMode":0,"name":"Shaded","section":"Shading Mode"},"sceneLighting":false,"audioPlay":false,"sceneViewState":{"m_AlwaysRefresh":true,"showFog":true,"showSkybox":false,"showFlares":true,"showImageEffects":true,"showParticleSystems":true,"showVisualEffectGraphs":true,"m_FxEnabled":true},"in2DMode":false,"pivot":{"x":-0.7547912001609802,"y":-0.18921399116516114,"z":-2.804044008255005},"rotation":{"x":0.15428359806537629,"y":0.38408777117729189,"z":-0.06526122242212296,"w":0.9079940915107727},"size":0.09381923824548722,"orthographic":false}