{"cameraMode":{"drawMode":0,"name":"Shaded","section":"Shading Mode"},"sceneLighting":false,"audioPlay":false,"sceneViewState":{"m_AlwaysRefresh":true,"showFog":true,"showSkybox":false,"showFlares":true,"showImageEffects":true,"showParticleSystems":true,"showVisualEffectGraphs":true,"m_FxEnabled":true},"in2DMode":false,"pivot":{"x":0.3449445366859436,"y":1.911264181137085,"z":1.8076159954071046},"rotation":{"x":0.0005678677116520703,"y":-0.9853898286819458,"z":0.0047827125526964668,"w":0.17108987271785737},"size":1.288872480392456,"orthographic":false}