{"cameraMode":{"drawMode":0,"name":"Shaded","section":"Shading Mode"},"sceneLighting":true,"audioPlay":false,"sceneViewState":{"m_AlwaysRefresh":false,"showFog":true,"showSkybox":true,"showFlares":true,"showImageEffects":true,"showParticleSystems":true,"showVisualEffectGraphs":true,"m_FxEnabled":true},"in2DMode":false,"pivot":{"x":0.7638534903526306,"y":0.9729576706886292,"z":2.029242515563965},"rotation":{"x":-0.09325945377349854,"y":0.41421350836753847,"z":-0.041805218905210498,"w":-0.9052563309669495},"size":0.5923143625259399,"orthographic":false}