{"cameraMode":{"drawMode":0,"name":"Shaded","section":"Shading Mode"},"sceneLighting":true,"audioPlay":false,"sceneViewState":{"m_AlwaysRefresh":false,"showFog":true,"showSkybox":true,"showFlares":true,"showImageEffects":true,"showParticleSystems":true,"showVisualEffectGraphs":true,"m_FxEnabled":true},"in2DMode":false,"pivot":{"x":-0.7874435782432556,"y":1.8274461030960084,"z":4.247288703918457},"rotation":{"x":-0.06117473915219307,"y":0.702034056186676,"z":-0.07777746766805649,"w":-0.7063766121864319},"size":0.012405900284647942,"orthographic":false}