{"cameraMode":{"drawMode":0,"name":"Shaded","section":"Shading Mode"},"sceneLighting":false,"audioPlay":false,"sceneViewState":{"m_AlwaysRefresh":false,"showFog":true,"showSkybox":false,"showFlares":true,"showImageEffects":true,"showParticleSystems":true,"showVisualEffectGraphs":true,"m_FxEnabled":true},"in2DMode":false,"pivot":{"x":-1.3094377517700196,"y":-0.9217067360877991,"z":3.6011838912963869},"rotation":{"x":0.23034065961837769,"y":-0.20340390503406526,"z":0.048410382121801379,"w":0.9516397714614868},"size":2.400442123413086,"orthographic":false}