{"cameraMode":{"drawMode":0,"name":"Shaded","section":"Shading Mode"},"sceneLighting":false,"audioPlay":false,"sceneViewState":{"m_AlwaysRefresh":false,"showFog":true,"showSkybox":false,"showFlares":true,"showImageEffects":true,"showParticleSystems":true,"showVisualEffectGraphs":true,"m_FxEnabled":true},"in2DMode":false,"pivot":{"x":5.0090436935424809,"y":-34.460411071777347,"z":144.5924835205078},"rotation":{"x":-0.12305846065282822,"y":-0.014794574119150639,"z":0.002330053597688675,"w":-0.9930444955825806},"size":74.95848846435547,"orthographic":false}