{"cameraMode":{"drawMode":0,"name":"Shaded","section":"Shading Mode"},"sceneLighting":false,"audioPlay":false,"sceneViewState":{"m_AlwaysRefresh":true,"showFog":true,"showSkybox":false,"showFlares":true,"showImageEffects":true,"showParticleSystems":true,"showVisualEffectGraphs":true,"m_FxEnabled":true},"in2DMode":false,"pivot":{"x":-0.11912472546100617,"y":0.08497500419616699,"z":-0.04846237599849701},"rotation":{"x":-0.029728518798947336,"y":-0.9160267114639282,"z":0.06911585479974747,"w":-0.39400991797447207},"size":0.5014017224311829,"orthographic":false}