{"cameraMode":{"drawMode":0,"name":"Shaded","section":"Shading Mode"},"sceneLighting":false,"audioPlay":false,"sceneViewState":{"m_AlwaysRefresh":true,"showFog":true,"showSkybox":false,"showFlares":true,"showImageEffects":true,"showParticleSystems":true,"showVisualEffectGraphs":true,"m_FxEnabled":true},"in2DMode":false,"pivot":{"x":0.0020498037338256838,"y":0.857047975063324,"z":0.028144940733909608},"rotation":{"x":0.04300752654671669,"y":-0.8981859087944031,"z":0.09100235253572464,"w":0.4282876253128052},"size":1.3346688747406006,"orthographic":false}